{"data":{"Year":[1900,1901,1902,1903,1904,1905,1906,1907,1908,1909,1910,1911,1912,1913,1914,1915,1916,1917,1918,1919,1920,1921,1922,1923,1924,1925,1926,1927,1928,1929,1930,1931,1932,1933,1934,1935,1936,1937,1938,1939,1940,1941,1942,1943,1944,1945,1946,1947,1948,1949,1950,1951,1952,1953,1954,1955,1956,1957,1958,1959,1960,1961,1962,1963,1964,1965,1966,1967,1968,1969,1970,1971,1972,1973,1974,1975,1976,1977,1978,1979,1980,1981,1982,1983,1984,1985,1986,1987,1988,1989,1990,1991,1992,1993,1994,1995,1996,1997,1998,1999,2000,2001,2002,2003,2004,2005,2006,2007,2008,2009,2010,2011,2012,2013,2014],"Category":[null,null,null,null,null,null,null,null,null,null,null,null,null,null,null,null,null,null,null,null,null,null,null,null,null,null,null,null,null,null,null,null,null,null,null,null,null,null,null,null,null,null,null,null,null,null,null,null,null,null,null,null,null,null,null,null,null,null,null,null,null,null,null,null,null,null,null,null,null,null,null,null,null,null,null,null,null,null,null,null,null,null,null,null,null,null,null,null,null,null,null,null,null,null,null,null,null,null,null,null,null,null,null,null,null,null,null,null,null,null,null,null,null,null,null],"Value":[295.6749984,296.006998,296.3249974,296.6539968,296.9539963,297.2889957,297.6619951,298.0979945,298.517994,298.9359935,299.3769929,299.8289923,300.3529917,300.9099911,301.4189908,301.9369903,302.4849897,303.0109891,303.4489886,303.8139883,304.2459877,304.5999873,304.9449868,305.2709861,305.6299855,305.812985,305.9539845,306.1769839,306.3289833,306.4949827,306.6199824,306.8219821,307.0929818,307.4019813,307.7849806,308.22698,309.0119793,309.7639786,310.2939782,310.8509776,311.3569769,311.8109763,312.1719757,312.3899752,312.4129748,312.3849746,312.389974,312.4859732,312.5209725,312.6319721,312.8209713,313.0139706,313.34197,313.7299694,314.0949688,314.414968,314.6979672,314.9919665,315.3449659,315.8069651,316.6249644,317.2989638,318.0439631,318.6499622,319.3329614,319.8159605,320.8799597,321.4799589,322.388958,323.250957,324.7829559,325.399955,327.3489541,329.9089531,330.7559525,330.826952,331.544951,333.3529501,335.0099494,336.6049484,338.7049479,340.0589478,340.6439474,342.2659473,344.0079495,345.4589538,346.9029481,348.7749474,351.2759329,352.8939214,354.0729301,355.3529349,356.2289489,356.9249589,358.2539622,360.2389564,362.0049615,363.2519618,365.932958,367.8449748,369.12498,370.6729901,372.8349943,375.410995,376.9870025,378.907005,381.010007,382.6030247,384.7390186,386.280019,388.7170293,390.9440147,393.0159927,395.7249793,397.5469769]},"edges":[]}